2016-01,2016-01,289,289,100.000000000000
2016-01,2016-02,9,289,3.110000000000
2016-01,2016-03,1,289,0.350000000000
2016-01,2016-05,3,289,1.040000000000
2016-01,2016-06,5,289,1.730000000000
2016-01,2016-07,2,289,0.690000000000
2016-01,2016-08,6,289,2.080000000000
2016-01,2016-09,6,289,2.080000000000
2016-01,2016-10,4,289,1.380000000000
2016-01,2016-11,3,289,1.040000000000
2016-01,2016-12,16,289,5.540000000000
2016-01,2017-01,5,289,1.730000000000
2016-01,2017-02,11,289,3.810000000000
2016-01,2017-03,2,289,0.690000000000
2016-01,2017-05,9,289,3.110000000000
2016-01,2017-06,4,289,1.380000000000
2016-01,2017-07,6,289,2.080000000000
2016-01,2017-08,4,289,1.380000000000
2016-01,2017-09,7,289,2.420000000000
2016-01,2017-10,9,289,3.110000000000
2016-01,2017-11,3,289,1.040000000000
2016-01,2017-12,6,289,2.080000000000
2016-01,2018-01,8,289,2.770000000000
2016-01,2018-02,12,289,4.150000000000
2016-01,2018-03,2,289,0.690000000000
2016-01,2018-04,2,289,0.690000000000
2016-01,2018-05,7,289,2.420000000000
2016-01,2018-06,6,289,2.080000000000
2016-01,2018-07,14,289,4.840000000000
2016-01,2018-08,12,289,4.150000000000
2016-01,2018-09,10,289,3.460000000000
2016-01,2018-10,12,289,4.150000000000
2016-01,2018-11,8,289,2.770000000000
2016-01,2018-12,17,289,5.880000000000
2016-01,2019-01,20,289,6.920000000000
2016-01,2019-02,21,289,7.270000000000
2016-01,2019-03,6,289,2.080000000000
2016-01,2019-04,2,289,0.690000000000
2016-01,2019-05,10,289,3.460000000000
2016-01,2019-06,12,289,4.150000000000
2016-01,2019-07,15,289,5.190000000000
2016-01,2019-08,20,289,6.920000000000
2016-01,2019-09,17,289,5.880000000000
2016-01,2019-10,20,289,6.920000000000
2016-01,2019-11,15,289,5.190000000000
2016-01,2019-12,26,289,9.000000000000
2016-01,2020-01,18,289,6.230000000000
2016-01,2020-02,26,289,9.000000000000
2016-01,2020-03,4,289,1.380000000000
2016-01,2020-04,1,289,0.350000000000
2016-01,2020-05,7,289,2.420000000000
2016-01,2020-06,11,289,3.810000000000
2016-01,2020-07,10,289,3.460000000000
2016-01,2020-08,2,289,0.690000000000
2016-01,2020-09,3,289,1.040000000000
2016-01,2020-11,4,289,1.380000000000
2016-01,2020-12,9,289,3.110000000000
2016-01,2021-01,3,289,1.040000000000
2016-01,2021-02,4,289,1.380000000000
2016-02,2016-02,318,318,100.000000000000
2016-02,2016-03,5,318,1.570000000000
2016-02,2016-04,1,318,0.310000000000
2016-02,2016-05,2,318,0.630000000000
2016-02,2016-06,6,318,1.890000000000
2016-02,2016-07,6,318,1.890000000000
2016-02,2016-08,4,318,1.260000000000
2016-02,2016-09,7,318,2.200000000000
2016-02,2016-10,4,318,1.260000000000
2016-02,2016-11,7,318,2.200000000000
2016-02,2016-12,14,318,4.400000000000
2016-02,2017-01,7,318,2.200000000000
2016-02,2017-02,7,318,2.200000000000
2016-02,2017-03,5,318,1.570000000000
2016-02,2017-04,2,318,0.630000000000
2016-02,2017-05,12,318,3.770000000000
2016-02,2017-06,10,318,3.140000000000
2016-02,2017-07,9,318,2.830000000000
2016-02,2017-08,8,318,2.520000000000
2016-02,2017-09,12,318,3.770000000000
2016-02,2017-10,7,318,2.200000000000
2016-02,2017-11,7,318,2.200000000000
2016-02,2017-12,14,318,4.400000000000
2016-02,2018-01,12,318,3.770000000000
2016-02,2018-02,9,318,2.830000000000
2016-02,2018-03,7,318,2.200000000000
2016-02,2018-05,15,318,4.720000000000
2016-02,2018-06,16,318,5.030000000000
2016-02,2018-07,13,318,4.090000000000
2016-02,2018-08,13,318,4.090000000000
2016-02,2018-09,14,318,4.400000000000
2016-02,2018-10,9,318,2.830000000000
2016-02,2018-11,7,318,2.200000000000
2016-02,2018-12,19,318,5.970000000000
2016-02,2019-01,21,318,6.600000000000
2016-02,2019-02,14,318,4.400000000000
2016-02,2019-03,14,318,4.400000000000
2016-02,2019-05,17,318,5.350000000000
2016-02,2019-06,17,318,5.350000000000
2016-02,2019-07,23,318,7.230000000000
2016-02,2019-08,18,318,5.660000000000
2016-02,2019-09,20,318,6.290000000000
2016-02,2019-10,11,318,3.460000000000
2016-02,2019-11,15,318,4.720000000000
2016-02,2019-12,29,318,9.120000000000
2016-02,2020-01,23,318,7.230000000000
2016-02,2020-02,25,318,7.860000000000
2016-02,2020-03,4,318,1.260000000000
2016-02,2020-04,1,318,0.310000000000
2016-02,2020-05,3,318,0.940000000000
2016-02,2020-06,12,318,3.770000000000
2016-02,2020-07,9,318,2.830000000000
2016-02,2020-08,5,318,1.570000000000
2016-02,2020-09,4,318,1.260000000000
2016-02,2020-10,2,318,0.630000000000
2016-02,2020-11,7,318,2.200000000000
2016-02,2020-12,8,318,2.520000000000
2016-02,2021-01,9,318,2.830000000000
2016-02,2021-02,8,318,2.520000000000
2016-03,2016-03,103,103,100.000000000000
2016-03,2016-04,1,103,0.970000000000
2016-03,2016-06,3,103,2.910000000000
2016-03,2016-07,3,103,2.910000000000
2016-03,2016-09,2,103,1.940000000000
2016-03,2016-10,4,103,3.880000000000
2016-03,2016-11,2,103,1.940000000000
2016-03,2016-12,4,103,3.880000000000
2016-03,2017-02,3,103,2.910000000000
2016-03,2017-03,2,103,1.940000000000
2016-03,2017-06,4,103,3.880000000000
2016-03,2017-07,5,103,4.850000000000
2016-03,2017-08,2,103,1.940000000000
2016-03,2017-09,3,103,2.910000000000
2016-03,2017-10,3,103,2.910000000000
2016-03,2017-11,4,103,3.880000000000
2016-03,2017-12,7,103,6.800000000000
2016-03,2018-01,3,103,2.910000000000
2016-03,2018-02,2,103,1.940000000000
2016-03,2018-03,1,103,0.970000000000
2016-03,2018-06,3,103,2.910000000000
2016-03,2018-07,4,103,3.880000000000
2016-03,2018-08,4,103,3.880000000000
2016-03,2018-09,6,103,5.830000000000
2016-03,2018-10,6,103,5.830000000000
2016-03,2018-11,5,103,4.850000000000
2016-03,2018-12,7,103,6.800000000000
2016-03,2019-01,8,103,7.770000000000
2016-03,2019-02,6,103,5.830000000000
2016-03,2019-03,5,103,4.850000000000
2016-03,2019-05,6,103,5.830000000000
2016-03,2019-06,5,103,4.850000000000
2016-03,2019-07,4,103,3.880000000000
2016-03,2019-08,11,103,10.680000000000
2016-03,2019-09,6,103,5.830000000000
2016-03,2019-10,9,103,8.740000000000
2016-03,2019-11,7,103,6.800000000000
2016-03,2019-12,6,103,5.830000000000
2016-03,2020-01,7,103,6.800000000000
2016-03,2020-02,6,103,5.830000000000
2016-03,2020-03,4,103,3.880000000000
2016-03,2020-04,1,103,0.970000000000
2016-03,2020-05,3,103,2.910000000000
2016-03,2020-06,4,103,3.880000000000
2016-03,2020-07,3,103,2.910000000000
2016-03,2020-08,1,103,0.970000000000
2016-03,2020-11,1,103,0.970000000000
2016-03,2020-12,2,103,1.940000000000
2016-03,2021-02,2,103,1.940000000000
2016-04,2016-04,39,39,100.000000000000
2016-04,2016-05,1,39,2.560000000000
2016-04,2016-07,1,39,2.560000000000
2016-04,2017-02,1,39,2.560000000000
2016-04,2017-09,1,39,2.560000000000
2016-04,2017-11,2,39,5.130000000000
2016-04,2017-12,1,39,2.560000000000
2016-04,2018-01,1,39,2.560000000000
2016-04,2018-02,2,39,5.130000000000
2016-04,2018-06,1,39,2.560000000000
2016-04,2018-07,1,39,2.560000000000
2016-04,2018-09,1,39,2.560000000000
2016-04,2018-10,3,39,7.690000000000
2016-04,2018-11,3,39,7.690000000000
2016-04,2018-12,1,39,2.560000000000
2016-04,2019-01,2,39,5.130000000000
2016-04,2019-02,1,39,2.560000000000
2016-04,2019-03,2,39,5.130000000000
2016-04,2019-06,4,39,10.260000000000
2016-04,2019-08,1,39,2.560000000000
2016-04,2019-09,3,39,7.690000000000
2016-04,2019-10,3,39,7.690000000000
2016-04,2019-11,1,39,2.560000000000
2016-04,2019-12,9,39,23.080000000000
2016-04,2020-01,5,39,12.820000000000
2016-04,2020-02,5,39,12.820000000000
2016-04,2020-03,1,39,2.560000000000
2016-04,2020-04,1,39,2.560000000000
2016-04,2020-07,1,39,2.560000000000
2016-04,2020-08,2,39,5.130000000000
2016-04,2021-01,2,39,5.130000000000
2016-04,2021-02,1,39,2.560000000000
2016-05,2016-05,213,213,100.000000000000
2016-05,2016-06,6,213,2.820000000000
2016-05,2016-07,5,213,2.350000000000
2016-05,2016-08,7,213,3.290000000000
2016-05,2016-09,5,213,2.350000000000
2016-05,2016-10,4,213,1.880000000000
2016-05,2016-11,6,213,2.820000000000
2016-05,2016-12,8,213,3.760000000000
2016-05,2017-01,2,213,0.940000000000
2016-05,2017-02,5,213,2.350000000000
2016-05,2017-03,3,213,1.410000000000
2016-05,2017-05,3,213,1.410000000000
2016-05,2017-06,5,213,2.350000000000
2016-05,2017-07,3,213,1.410000000000
2016-05,2017-08,6,213,2.820000000000
2016-05,2017-09,2,213,0.940000000000
2016-05,2017-10,1,213,0.470000000000
2016-05,2017-11,3,213,1.410000000000
2016-05,2017-12,7,213,3.290000000000
2016-05,2018-01,10,213,4.690000000000
2016-05,2018-02,9,213,4.230000000000
2016-05,2018-03,5,213,2.350000000000
2016-05,2018-05,4,213,1.880000000000
2016-05,2018-06,12,213,5.630000000000
2016-05,2018-07,4,213,1.880000000000
2016-05,2018-08,1,213,0.470000000000
2016-05,2018-09,5,213,2.350000000000
2016-05,2018-10,9,213,4.230000000000
2016-05,2018-11,9,213,4.230000000000
2016-05,2018-12,18,213,8.450000000000
2016-05,2019-01,14,213,6.570000000000
2016-05,2019-02,16,213,7.510000000000
2016-05,2019-03,6,213,2.820000000000
2016-05,2019-05,12,213,5.630000000000
2016-05,2019-06,13,213,6.100000000000
2016-05,2019-07,13,213,6.100000000000
2016-05,2019-08,11,213,5.160000000000
2016-05,2019-09,14,213,6.570000000000
2016-05,2019-10,12,213,5.630000000000
2016-05,2019-11,17,213,7.980000000000
2016-05,2019-12,24,213,11.270000000000
2016-05,2020-01,11,213,5.160000000000
2016-05,2020-02,20,213,9.390000000000
2016-05,2020-03,5,213,2.350000000000
2016-05,2020-04,2,213,0.940000000000
2016-05,2020-05,7,213,3.290000000000
2016-05,2020-06,2,213,0.940000000000
2016-05,2020-07,2,213,0.940000000000
2016-05,2020-08,2,213,0.940000000000
2016-05,2020-09,4,213,1.880000000000
2016-05,2020-10,3,213,1.410000000000
2016-05,2020-11,3,213,1.410000000000
2016-05,2020-12,3,213,1.410000000000
2016-05,2021-01,3,213,1.410000000000
2016-05,2021-02,4,213,1.880000000000
2016-06,2016-06,220,220,100.000000000000
2016-06,2016-07,5,220,2.270000000000
2016-06,2016-08,5,220,2.270000000000
2016-06,2016-09,5,220,2.270000000000
2016-06,2016-10,11,220,5.000000000000
2016-06,2016-11,4,220,1.820000000000
2016-06,2016-12,10,220,4.550000000000
2016-06,2017-01,3,220,1.360000000000
2016-06,2017-02,5,220,2.270000000000
2016-06,2017-05,3,220,1.360000000000
2016-06,2017-06,12,220,5.450000000000
2016-06,2017-07,1,220,0.450000000000
2016-06,2017-08,5,220,2.270000000000
2016-06,2017-09,4,220,1.820000000000
2016-06,2017-10,3,220,1.360000000000
2016-06,2017-11,5,220,2.270000000000
2016-06,2017-12,8,220,3.640000000000
2016-06,2018-01,6,220,2.730000000000
2016-06,2018-02,11,220,5.000000000000
2016-06,2018-03,4,220,1.820000000000
2016-06,2018-05,9,220,4.090000000000
2016-06,2018-06,6,220,2.730000000000
2016-06,2018-07,6,220,2.730000000000
2016-06,2018-08,8,220,3.640000000000
2016-06,2018-09,12,220,5.450000000000
2016-06,2018-10,8,220,3.640000000000
2016-06,2018-11,14,220,6.360000000000
2016-06,2018-12,14,220,6.360000000000
2016-06,2019-01,15,220,6.820000000000
2016-06,2019-02,20,220,9.090000000000
2016-06,2019-03,7,220,3.180000000000
2016-06,2019-04,1,220,0.450000000000
2016-06,2019-05,20,220,9.090000000000
2016-06,2019-06,9,220,4.090000000000
2016-06,2019-07,9,220,4.090000000000
2016-06,2019-08,11,220,5.000000000000
2016-06,2019-09,10,220,4.550000000000
2016-06,2019-10,12,220,5.450000000000
2016-06,2019-11,10,220,4.550000000000
2016-06,2019-12,18,220,8.180000000000
2016-06,2020-01,20,220,9.090000000000
2016-06,2020-02,25,220,11.360000000000
2016-06,2020-03,7,220,3.180000000000
2016-06,2020-05,8,220,3.640000000000
2016-06,2020-06,3,220,1.360000000000
2016-06,2020-07,4,220,1.820000000000
2016-06,2020-08,3,220,1.360000000000
2016-06,2020-09,1,220,0.450000000000
2016-06,2020-11,5,220,2.270000000000
2016-06,2020-12,4,220,1.820000000000
2016-06,2021-02,3,220,1.360000000000
2016-07,2016-07,178,178,100.000000000000
2016-07,2016-08,5,178,2.810000000000
2016-07,2016-10,1,178,0.560000000000
2016-07,2016-11,2,178,1.120000000000
2016-07,2016-12,7,178,3.930000000000
2016-07,2017-01,2,178,1.120000000000
2016-07,2017-02,3,178,1.690000000000
2016-07,2017-03,1,178,0.560000000000
2016-07,2017-04,2,178,1.120000000000
2016-07,2017-05,1,178,0.560000000000
2016-07,2017-06,2,178,1.120000000000
2016-07,2017-07,4,178,2.250000000000
2016-07,2017-08,6,178,3.370000000000
2016-07,2017-09,6,178,3.370000000000
2016-07,2017-10,4,178,2.250000000000
2016-07,2017-11,3,178,1.690000000000
2016-07,2017-12,9,178,5.060000000000
2016-07,2018-01,7,178,3.930000000000
2016-07,2018-02,7,178,3.930000000000
2016-07,2018-03,4,178,2.250000000000
2016-07,2018-04,1,178,0.560000000000
2016-07,2018-05,5,178,2.810000000000
2016-07,2018-06,5,178,2.810000000000
2016-07,2018-07,7,178,3.930000000000
2016-07,2018-08,2,178,1.120000000000
2016-07,2018-09,11,178,6.180000000000
2016-07,2018-10,6,178,3.370000000000
2016-07,2018-11,13,178,7.300000000000
2016-07,2018-12,14,178,7.870000000000
2016-07,2019-01,15,178,8.430000000000
2016-07,2019-02,14,178,7.870000000000
2016-07,2019-03,6,178,3.370000000000
2016-07,2019-05,14,178,7.870000000000
2016-07,2019-06,9,178,5.060000000000
2016-07,2019-07,8,178,4.490000000000
2016-07,2019-08,9,178,5.060000000000
2016-07,2019-09,13,178,7.300000000000
2016-07,2019-10,17,178,9.550000000000
2016-07,2019-11,4,178,2.250000000000
2016-07,2019-12,20,178,11.240000000000
2016-07,2020-01,13,178,7.300000000000
2016-07,2020-02,13,178,7.300000000000
2016-07,2020-03,2,178,1.120000000000
2016-07,2020-04,1,178,0.560000000000
2016-07,2020-05,5,178,2.810000000000
2016-07,2020-06,6,178,3.370000000000
2016-07,2020-07,4,178,2.250000000000
2016-07,2020-08,1,178,0.560000000000
2016-07,2020-09,2,178,1.120000000000
2016-07,2020-10,2,178,1.120000000000
2016-07,2020-11,3,178,1.690000000000
2016-07,2020-12,4,178,2.250000000000
2016-07,2021-01,2,178,1.120000000000
2016-07,2021-02,4,178,2.250000000000
2016-08,2016-08,199,199,100.000000000000
2016-08,2016-09,3,199,1.510000000000
2016-08,2016-10,5,199,2.510000000000
2016-08,2016-11,5,199,2.510000000000
2016-08,2016-12,6,199,3.020000000000
2016-08,2017-01,3,199,1.510000000000
2016-08,2017-02,6,199,3.020000000000
2016-08,2017-03,1,199,0.500000000000
2016-08,2017-05,5,199,2.510000000000
2016-08,2017-06,2,199,1.010000000000
2016-08,2017-07,3,199,1.510000000000
2016-08,2017-08,1,199,0.500000000000
2016-08,2017-09,4,199,2.010000000000
2016-08,2017-10,1,199,0.500000000000
2016-08,2017-12,12,199,6.030000000000
2016-08,2018-01,7,199,3.520000000000
2016-08,2018-02,9,199,4.520000000000
2016-08,2018-03,3,199,1.510000000000
2016-08,2018-04,3,199,1.510000000000
2016-08,2018-05,5,199,2.510000000000
2016-08,2018-06,6,199,3.020000000000
2016-08,2018-07,5,199,2.510000000000
2016-08,2018-08,5,199,2.510000000000
2016-08,2018-09,4,199,2.010000000000
2016-08,2018-10,11,199,5.530000000000
2016-08,2018-11,9,199,4.520000000000
2016-08,2018-12,15,199,7.540000000000
2016-08,2019-01,14,199,7.040000000000
2016-08,2019-02,12,199,6.030000000000
2016-08,2019-03,2,199,1.010000000000
2016-08,2019-04,2,199,1.010000000000
2016-08,2019-05,9,199,4.520000000000
2016-08,2019-06,13,199,6.530000000000
2016-08,2019-07,8,199,4.020000000000
2016-08,2019-08,12,199,6.030000000000
2016-08,2019-09,11,199,5.530000000000
2016-08,2019-10,17,199,8.540000000000
2016-08,2019-11,12,199,6.030000000000
2016-08,2019-12,18,199,9.050000000000
2016-08,2020-01,14,199,7.040000000000
2016-08,2020-02,12,199,6.030000000000
2016-08,2020-03,5,199,2.510000000000
2016-08,2020-05,4,199,2.010000000000
2016-08,2020-06,5,199,2.510000000000
2016-08,2020-07,1,199,0.500000000000
2016-08,2020-08,5,199,2.510000000000
2016-08,2020-09,3,199,1.510000000000
2016-08,2020-10,2,199,1.010000000000
2016-08,2020-11,2,199,1.010000000000
2016-08,2020-12,3,199,1.510000000000
2016-08,2021-01,5,199,2.510000000000
2016-08,2021-02,4,199,2.010000000000
2016-09,2016-09,234,234,100.000000000000
2016-09,2016-10,3,234,1.280000000000
2016-09,2016-11,3,234,1.280000000000
2016-09,2016-12,2,234,0.850000000000
2016-09,2017-01,7,234,2.990000000000
2016-09,2017-02,5,234,2.140000000000
2016-09,2017-03,4,234,1.710000000000
2016-09,2017-04,1,234,0.430000000000
2016-09,2017-05,2,234,0.850000000000
2016-09,2017-06,6,234,2.560000000000
2016-09,2017-07,2,234,0.850000000000
2016-09,2017-08,3,234,1.280000000000
2016-09,2017-09,5,234,2.140000000000
2016-09,2017-10,5,234,2.140000000000
2016-09,2017-11,5,234,2.140000000000
2016-09,2017-12,6,234,2.560000000000
2016-09,2018-01,5,234,2.140000000000
2016-09,2018-02,5,234,2.140000000000
2016-09,2018-03,7,234,2.990000000000
2016-09,2018-04,3,234,1.280000000000
2016-09,2018-05,12,234,5.130000000000
2016-09,2018-06,8,234,3.420000000000
2016-09,2018-07,7,234,2.990000000000
2016-09,2018-08,3,234,1.280000000000
2016-09,2018-09,8,234,3.420000000000
2016-09,2018-10,13,234,5.560000000000
2016-09,2018-11,5,234,2.140000000000
2016-09,2018-12,15,234,6.410000000000
2016-09,2019-01,10,234,4.270000000000
2016-09,2019-02,20,234,8.550000000000
2016-09,2019-03,3,234,1.280000000000
2016-09,2019-04,1,234,0.430000000000
2016-09,2019-05,11,234,4.700000000000
2016-09,2019-06,11,234,4.700000000000
2016-09,2019-07,10,234,4.270000000000
2016-09,2019-08,12,234,5.130000000000
2016-09,2019-09,9,234,3.850000000000
2016-09,2019-10,9,234,3.850000000000
2016-09,2019-11,11,234,4.700000000000
2016-09,2019-12,21,234,8.970000000000
2016-09,2020-01,16,234,6.840000000000
2016-09,2020-02,17,234,7.260000000000
2016-09,2020-03,8,234,3.420000000000
2016-09,2020-04,1,234,0.430000000000
2016-09,2020-05,13,234,5.560000000000
2016-09,2020-06,6,234,2.560000000000
2016-09,2020-07,3,234,1.280000000000
2016-09,2020-08,4,234,1.710000000000
2016-09,2020-09,2,234,0.850000000000
2016-09,2020-10,1,234,0.430000000000
2016-09,2020-11,1,234,0.430000000000
2016-09,2020-12,5,234,2.140000000000
2016-09,2021-01,8,234,3.420000000000
2016-09,2021-02,4,234,1.710000000000
2016-10,2016-10,220,220,100.000000000000
2016-10,2016-11,5,220,2.270000000000
2016-10,2016-12,7,220,3.180000000000
2016-10,2017-01,3,220,1.360000000000
2016-10,2017-02,2,220,0.910000000000
2016-10,2017-03,2,220,0.910000000000
2016-10,2017-05,2,220,0.910000000000
2016-10,2017-06,4,220,1.820000000000
2016-10,2017-07,5,220,2.270000000000
2016-10,2017-08,3,220,1.360000000000
2016-10,2017-09,3,220,1.360000000000
2016-10,2017-11,5,220,2.270000000000
2016-10,2017-12,6,220,2.730000000000
2016-10,2018-01,6,220,2.730000000000
2016-10,2018-02,6,220,2.730000000000
2016-10,2018-03,2,220,0.910000000000
2016-10,2018-04,1,220,0.450000000000
2016-10,2018-05,7,220,3.180000000000
2016-10,2018-06,9,220,4.090000000000
2016-10,2018-07,7,220,3.180000000000
2016-10,2018-08,10,220,4.550000000000
2016-10,2018-09,11,220,5.000000000000
2016-10,2018-10,10,220,4.550000000000
2016-10,2018-11,7,220,3.180000000000
2016-10,2018-12,14,220,6.360000000000
2016-10,2019-01,13,220,5.910000000000
2016-10,2019-02,18,220,8.180000000000
2016-10,2019-03,4,220,1.820000000000
2016-10,2019-04,2,220,0.910000000000
2016-10,2019-05,18,220,8.180000000000
2016-10,2019-06,11,220,5.000000000000
2016-10,2019-07,14,220,6.360000000000
2016-10,2019-08,11,220,5.000000000000
2016-10,2019-09,13,220,5.910000000000
2016-10,2019-10,14,220,6.360000000000
2016-10,2019-11,12,220,5.450000000000
2016-10,2019-12,14,220,6.360000000000
2016-10,2020-01,14,220,6.360000000000
2016-10,2020-02,15,220,6.820000000000
2016-10,2020-03,2,220,0.910000000000
2016-10,2020-04,1,220,0.450000000000
2016-10,2020-05,14,220,6.360000000000
2016-10,2020-06,6,220,2.730000000000
2016-10,2020-07,5,220,2.270000000000
2016-10,2020-08,6,220,2.730000000000
2016-10,2020-09,7,220,3.180000000000
2016-10,2020-10,4,220,1.820000000000
2016-10,2020-11,2,220,0.910000000000
2016-10,2020-12,3,220,1.360000000000
2016-10,2021-01,3,220,1.360000000000
2016-10,2021-02,5,220,2.270000000000
2016-11,2016-11,210,210,100.000000000000
2016-11,2016-12,8,210,3.810000000000
2016-11,2017-01,5,210,2.380000000000
2016-11,2017-02,6,210,2.860000000000
2016-11,2017-03,2,210,0.950000000000
2016-11,2017-05,6,210,2.860000000000
2016-11,2017-06,4,210,1.900000000000
2016-11,2017-07,7,210,3.330000000000
2016-11,2017-08,3,210,1.430000000000
2016-11,2017-09,5,210,2.380000000000
2016-11,2017-10,6,210,2.860000000000
2016-11,2017-11,4,210,1.900000000000
2016-11,2017-12,4,210,1.900000000000
2016-11,2018-01,16,210,7.620000000000
2016-11,2018-02,6,210,2.860000000000
2016-11,2018-03,4,210,1.900000000000
2016-11,2018-05,9,210,4.290000000000
2016-11,2018-06,7,210,3.330000000000
2016-11,2018-07,8,210,3.810000000000
2016-11,2018-08,9,210,4.290000000000
2016-11,2018-09,8,210,3.810000000000
2016-11,2018-10,8,210,3.810000000000
2016-11,2018-11,10,210,4.760000000000
2016-11,2018-12,16,210,7.620000000000
2016-11,2019-01,14,210,6.670000000000
2016-11,2019-02,15,210,7.140000000000
2016-11,2019-03,6,210,2.860000000000
2016-11,2019-04,1,210,0.480000000000
2016-11,2019-05,10,210,4.760000000000
2016-11,2019-06,8,210,3.810000000000
2016-11,2019-07,13,210,6.190000000000
2016-11,2019-08,12,210,5.710000000000
2016-11,2019-09,15,210,7.140000000000
2016-11,2019-10,16,210,7.620000000000
2016-11,2019-11,12,210,5.710000000000
2016-11,2019-12,18,210,8.570000000000
2016-11,2020-01,14,210,6.670000000000
2016-11,2020-02,21,210,10.000000000000
2016-11,2020-03,2,210,0.950000000000
2016-11,2020-05,6,210,2.860000000000
2016-11,2020-06,7,210,3.330000000000
2016-11,2020-07,6,210,2.860000000000
2016-11,2020-08,2,210,0.950000000000
2016-11,2020-09,5,210,2.380000000000
2016-11,2020-10,4,210,1.900000000000
2016-11,2020-11,3,210,1.430000000000
2016-11,2020-12,7,210,3.330000000000
2016-11,2021-01,4,210,1.900000000000
2016-11,2021-02,5,210,2.380000000000
2016-12,2016-12,338,338,100.000000000000
2016-12,2017-01,4,338,1.180000000000
2016-12,2017-02,10,338,2.960000000000
2016-12,2017-03,4,338,1.180000000000
2016-12,2017-05,12,338,3.550000000000
2016-12,2017-06,5,338,1.480000000000
2016-12,2017-07,7,338,2.070000000000
2016-12,2017-08,7,338,2.070000000000
2016-12,2017-09,11,338,3.250000000000
2016-12,2017-10,8,338,2.370000000000
2016-12,2017-11,9,338,2.660000000000
2016-12,2017-12,15,338,4.440000000000
2016-12,2018-01,6,338,1.780000000000
2016-12,2018-02,16,338,4.730000000000
2016-12,2018-03,9,338,2.660000000000
2016-12,2018-04,1,338,0.300000000000
2016-12,2018-05,12,338,3.550000000000
2016-12,2018-06,10,338,2.960000000000
2016-12,2018-07,11,338,3.250000000000
2016-12,2018-08,10,338,2.960000000000
2016-12,2018-09,15,338,4.440000000000
2016-12,2018-10,17,338,5.030000000000
2016-12,2018-11,15,338,4.440000000000
2016-12,2018-12,27,338,7.990000000000
2016-12,2019-01,23,338,6.800000000000
2016-12,2019-02,24,338,7.100000000000
2016-12,2019-03,9,338,2.660000000000
2016-12,2019-04,2,338,0.590000000000
2016-12,2019-05,27,338,7.990000000000
2016-12,2019-06,27,338,7.990000000000
2016-12,2019-07,14,338,4.140000000000
2016-12,2019-08,14,338,4.140000000000
2016-12,2019-09,20,338,5.920000000000
2016-12,2019-10,19,338,5.620000000000
2016-12,2019-11,17,338,5.030000000000
2016-12,2019-12,29,338,8.580000000000
2016-12,2020-01,28,338,8.280000000000
2016-12,2020-02,29,338,8.580000000000
2016-12,2020-03,8,338,2.370000000000
2016-12,2020-04,2,338,0.590000000000
2016-12,2020-05,19,338,5.620000000000
2016-12,2020-06,6,338,1.780000000000
2016-12,2020-07,7,338,2.070000000000
2016-12,2020-08,4,338,1.180000000000
2016-12,2020-09,4,338,1.180000000000
2016-12,2020-10,5,338,1.480000000000
2016-12,2020-11,5,338,1.480000000000
2016-12,2020-12,9,338,2.660000000000
2016-12,2021-01,5,338,1.480000000000
2016-12,2021-02,8,338,2.370000000000
2017-01,2017-01,247,247,100.000000000000
2017-01,2017-02,3,247,1.210000000000
2017-01,2017-03,4,247,1.620000000000
2017-01,2017-05,6,247,2.430000000000
2017-01,2017-06,6,247,2.430000000000
2017-01,2017-07,6,247,2.430000000000
2017-01,2017-08,5,247,2.020000000000
2017-01,2017-09,3,247,1.210000000000
2017-01,2017-10,6,247,2.430000000000
2017-01,2017-11,5,247,2.020000000000
2017-01,2017-12,11,247,4.450000000000
2017-01,2018-01,8,247,3.240000000000
2017-01,2018-02,8,247,3.240000000000
2017-01,2018-03,3,247,1.210000000000
2017-01,2018-04,1,247,0.400000000000
2017-01,2018-05,6,247,2.430000000000
2017-01,2018-06,8,247,3.240000000000
2017-01,2018-07,5,247,2.020000000000
2017-01,2018-08,7,247,2.830000000000
2017-01,2018-09,14,247,5.670000000000
2017-01,2018-10,12,247,4.860000000000
2017-01,2018-11,15,247,6.070000000000
2017-01,2018-12,21,247,8.500000000000
2017-01,2019-01,22,247,8.910000000000
2017-01,2019-02,20,247,8.100000000000
2017-01,2019-03,7,247,2.830000000000
2017-01,2019-04,1,247,0.400000000000
2017-01,2019-05,11,247,4.450000000000
2017-01,2019-06,12,247,4.860000000000
2017-01,2019-07,11,247,4.450000000000
2017-01,2019-08,16,247,6.480000000000
2017-01,2019-09,12,247,4.860000000000
2017-01,2019-10,23,247,9.310000000000
2017-01,2019-11,13,247,5.260000000000
2017-01,2019-12,16,247,6.480000000000
2017-01,2020-01,22,247,8.910000000000
2017-01,2020-02,16,247,6.480000000000
2017-01,2020-03,7,247,2.830000000000
2017-01,2020-05,6,247,2.430000000000
2017-01,2020-06,7,247,2.830000000000
2017-01,2020-07,5,247,2.020000000000
2017-01,2020-08,1,247,0.400000000000
2017-01,2020-09,4,247,1.620000000000
2017-01,2020-10,2,247,0.810000000000
2017-01,2020-11,2,247,0.810000000000
2017-01,2020-12,5,247,2.020000000000
2017-01,2021-01,4,247,1.620000000000
2017-01,2021-02,5,247,2.020000000000
2017-02,2017-02,283,283,100.000000000000
2017-02,2017-03,1,283,0.350000000000
2017-02,2017-05,5,283,1.770000000000
2017-02,2017-06,4,283,1.410000000000
2017-02,2017-07,2,283,0.710000000000
2017-02,2017-08,4,283,1.410000000000
2017-02,2017-09,5,283,1.770000000000
2017-02,2017-10,5,283,1.770000000000
2017-02,2017-11,10,283,3.530000000000
2017-02,2017-12,9,283,3.180000000000
2017-02,2018-01,10,283,3.530000000000
2017-02,2018-02,12,283,4.240000000000
2017-02,2018-03,2,283,0.710000000000
2017-02,2018-05,7,283,2.470000000000
2017-02,2018-06,10,283,3.530000000000
2017-02,2018-07,7,283,2.470000000000
2017-02,2018-08,10,283,3.530000000000
2017-02,2018-09,10,283,3.530000000000
2017-02,2018-10,16,283,5.650000000000
2017-02,2018-11,10,283,3.530000000000
2017-02,2018-12,20,283,7.070000000000
2017-02,2019-01,11,283,3.890000000000
2017-02,2019-02,15,283,5.300000000000
2017-02,2019-03,10,283,3.530000000000
2017-02,2019-04,2,283,0.710000000000
2017-02,2019-05,15,283,5.300000000000
2017-02,2019-06,18,283,6.360000000000
2017-02,2019-07,15,283,5.300000000000
2017-02,2019-08,11,283,3.890000000000
2017-02,2019-09,12,283,4.240000000000
2017-02,2019-10,11,283,3.890000000000
2017-02,2019-11,13,283,4.590000000000
2017-02,2019-12,22,283,7.770000000000
2017-02,2020-01,27,283,9.540000000000
2017-02,2020-02,26,283,9.190000000000
2017-02,2020-03,8,283,2.830000000000
2017-02,2020-05,12,283,4.240000000000
2017-02,2020-06,14,283,4.950000000000
2017-02,2020-07,2,283,0.710000000000
2017-02,2020-08,5,283,1.770000000000
2017-02,2020-09,7,283,2.470000000000
2017-02,2020-10,3,283,1.060000000000
2017-02,2020-11,3,283,1.060000000000
2017-02,2020-12,9,283,3.180000000000
2017-02,2021-01,2,283,0.710000000000
2017-02,2021-02,4,283,1.410000000000
2017-03,2017-03,98,98,100.000000000000
2017-03,2017-05,1,98,1.020000000000
2017-03,2017-06,2,98,2.040000000000
2017-03,2017-07,3,98,3.060000000000
2017-03,2017-08,3,98,3.060000000000
2017-03,2017-09,1,98,1.020000000000
2017-03,2017-10,4,98,4.080000000000
2017-03,2017-11,2,98,2.040000000000
2017-03,2017-12,2,98,2.040000000000
2017-03,2018-01,5,98,5.100000000000
2017-03,2018-02,3,98,3.060000000000
2017-03,2018-03,1,98,1.020000000000
2017-03,2018-05,4,98,4.080000000000
2017-03,2018-06,3,98,3.060000000000
2017-03,2018-07,4,98,4.080000000000
2017-03,2018-08,6,98,6.120000000000
2017-03,2018-09,5,98,5.100000000000
2017-03,2018-10,3,98,3.060000000000
2017-03,2018-11,7,98,7.140000000000
2017-03,2018-12,5,98,5.100000000000
2017-03,2019-01,8,98,8.160000000000
2017-03,2019-02,4,98,4.080000000000
2017-03,2019-03,3,98,3.060000000000
2017-03,2019-04,1,98,1.020000000000
2017-03,2019-05,5,98,5.100000000000
2017-03,2019-06,8,98,8.160000000000
2017-03,2019-07,8,98,8.160000000000
2017-03,2019-08,8,98,8.160000000000
2017-03,2019-09,6,98,6.120000000000
2017-03,2019-10,3,98,3.060000000000
2017-03,2019-11,6,98,6.120000000000
2017-03,2019-12,5,98,5.100000000000
2017-03,2020-01,7,98,7.140000000000
2017-03,2020-02,4,98,4.080000000000
2017-03,2020-03,1,98,1.020000000000
2017-03,2020-05,3,98,3.060000000000
2017-03,2020-06,2,98,2.040000000000
2017-03,2020-07,4,98,4.080000000000
2017-03,2020-08,2,98,2.040000000000
2017-03,2020-10,2,98,2.040000000000
2017-03,2020-11,1,98,1.020000000000
2017-03,2020-12,1,98,1.020000000000
2017-03,2021-01,2,98,2.040000000000
2017-03,2021-02,2,98,2.040000000000
2017-04,2017-04,21,21,100.000000000000
2017-04,2017-08,1,21,4.760000000000
2017-04,2017-12,2,21,9.520000000000
2017-04,2018-02,2,21,9.520000000000
2017-04,2018-05,2,21,9.520000000000
2017-04,2018-09,1,21,4.760000000000
2017-04,2018-11,1,21,4.760000000000
2017-04,2018-12,2,21,9.520000000000
2017-04,2019-01,1,21,4.760000000000
2017-04,2019-02,3,21,14.290000000000
2017-04,2019-03,1,21,4.760000000000
2017-04,2019-04,1,21,4.760000000000
2017-04,2019-05,4,21,19.050000000000
2017-04,2019-06,2,21,9.520000000000
2017-04,2019-07,1,21,4.760000000000
2017-04,2019-08,3,21,14.290000000000
2017-04,2019-09,1,21,4.760000000000
2017-04,2019-10,1,21,4.760000000000
2017-04,2019-11,1,21,4.760000000000
2017-04,2019-12,2,21,9.520000000000
2017-04,2020-02,2,21,9.520000000000
2017-04,2020-07,1,21,4.760000000000
2017-04,2020-08,1,21,4.760000000000
2017-04,2020-11,1,21,4.760000000000
2017-04,2021-02,1,21,4.760000000000
2017-05,2017-05,184,184,100.000000000000
2017-05,2017-06,3,184,1.630000000000
2017-05,2017-07,4,184,2.170000000000
2017-05,2017-08,1,184,0.540000000000
2017-05,2017-09,3,184,1.630000000000
2017-05,2017-10,8,184,4.350000000000
2017-05,2017-11,7,184,3.800000000000
2017-05,2017-12,4,184,2.170000000000
2017-05,2018-01,7,184,3.800000000000
2017-05,2018-02,9,184,4.890000000000
2017-05,2018-03,3,184,1.630000000000
2017-05,2018-04,1,184,0.540000000000
2017-05,2018-05,2,184,1.090000000000
2017-05,2018-06,5,184,2.720000000000
2017-05,2018-07,4,184,2.170000000000
2017-05,2018-08,9,184,4.890000000000
2017-05,2018-09,11,184,5.980000000000
2017-05,2018-10,9,184,4.890000000000
2017-05,2018-11,8,184,4.350000000000
2017-05,2018-12,8,184,4.350000000000
2017-05,2019-01,13,184,7.070000000000
2017-05,2019-02,13,184,7.070000000000
2017-05,2019-03,6,184,3.260000000000
2017-05,2019-04,1,184,0.540000000000
2017-05,2019-05,17,184,9.240000000000
2017-05,2019-06,10,184,5.430000000000
2017-05,2019-07,10,184,5.430000000000
2017-05,2019-08,10,184,5.430000000000
2017-05,2019-09,10,184,5.430000000000
2017-05,2019-10,10,184,5.430000000000
2017-05,2019-11,10,184,5.430000000000
2017-05,2019-12,13,184,7.070000000000
2017-05,2020-01,25,184,13.590000000000
2017-05,2020-02,17,184,9.240000000000
2017-05,2020-03,2,184,1.090000000000
2017-05,2020-04,4,184,2.170000000000
2017-05,2020-05,5,184,2.720000000000
2017-05,2020-06,6,184,3.260000000000
2017-05,2020-08,1,184,0.540000000000
2017-05,2020-09,1,184,0.540000000000
2017-05,2020-10,2,184,1.090000000000
2017-05,2020-11,2,184,1.090000000000
2017-05,2020-12,3,184,1.630000000000
2017-05,2021-01,2,184,1.090000000000
2017-05,2021-02,4,184,2.170000000000
2017-06,2017-06,194,194,100.000000000000
2017-06,2017-07,4,194,2.060000000000
2017-06,2017-08,3,194,1.550000000000
2017-06,2017-09,5,194,2.580000000000
2017-06,2017-10,2,194,1.030000000000
2017-06,2017-11,7,194,3.610000000000
2017-06,2017-12,8,194,4.120000000000
2017-06,2018-01,7,194,3.610000000000
2017-06,2018-02,6,194,3.090000000000
2017-06,2018-03,4,194,2.060000000000
2017-06,2018-04,1,194,0.520000000000
2017-06,2018-05,9,194,4.640000000000
2017-06,2018-06,6,194,3.090000000000
2017-06,2018-07,13,194,6.700000000000
2017-06,2018-08,8,194,4.120000000000
2017-06,2018-09,10,194,5.150000000000
2017-06,2018-10,13,194,6.700000000000
2017-06,2018-11,8,194,4.120000000000
2017-06,2018-12,14,194,7.220000000000
2017-06,2019-01,16,194,8.250000000000
2017-06,2019-02,13,194,6.700000000000
2017-06,2019-03,7,194,3.610000000000
2017-06,2019-04,3,194,1.550000000000
2017-06,2019-05,15,194,7.730000000000
2017-06,2019-06,13,194,6.700000000000
2017-06,2019-07,11,194,5.670000000000
2017-06,2019-08,15,194,7.730000000000
2017-06,2019-09,7,194,3.610000000000
2017-06,2019-10,11,194,5.670000000000
2017-06,2019-11,9,194,4.640000000000
2017-06,2019-12,15,194,7.730000000000
2017-06,2020-01,13,194,6.700000000000
2017-06,2020-02,16,194,8.250000000000
2017-06,2020-03,3,194,1.550000000000
2017-06,2020-04,1,194,0.520000000000
2017-06,2020-05,3,194,1.550000000000
2017-06,2020-06,3,194,1.550000000000
2017-06,2020-08,2,194,1.030000000000
2017-06,2020-09,6,194,3.090000000000
2017-06,2020-11,2,194,1.030000000000
2017-06,2020-12,7,194,3.610000000000
2017-06,2021-01,5,194,2.580000000000
2017-06,2021-02,3,194,1.550000000000
2017-07,2017-07,168,168,100.000000000000
2017-07,2017-08,2,168,1.190000000000
2017-07,2017-09,3,168,1.790000000000
2017-07,2017-10,2,168,1.190000000000
2017-07,2017-11,4,168,2.380000000000
2017-07,2017-12,12,168,7.140000000000
2017-07,2018-01,5,168,2.980000000000
2017-07,2018-02,5,168,2.980000000000
2017-07,2018-03,3,168,1.790000000000
2017-07,2018-05,3,168,1.790000000000
2017-07,2018-06,4,168,2.380000000000
2017-07,2018-07,8,168,4.760000000000
2017-07,2018-08,4,168,2.380000000000
2017-07,2018-09,4,168,2.380000000000
2017-07,2018-10,5,168,2.980000000000
2017-07,2018-11,4,168,2.380000000000
2017-07,2018-12,14,168,8.330000000000
2017-07,2019-01,11,168,6.550000000000
2017-07,2019-02,8,168,4.760000000000
2017-07,2019-03,4,168,2.380000000000
2017-07,2019-05,7,168,4.170000000000
2017-07,2019-06,12,168,7.140000000000
2017-07,2019-07,10,168,5.950000000000
2017-07,2019-08,13,168,7.740000000000
2017-07,2019-09,4,168,2.380000000000
2017-07,2019-10,5,168,2.980000000000
2017-07,2019-11,12,168,7.140000000000
2017-07,2019-12,11,168,6.550000000000
2017-07,2020-01,11,168,6.550000000000
2017-07,2020-02,6,168,3.570000000000
2017-07,2020-03,1,168,0.600000000000
2017-07,2020-04,2,168,1.190000000000
2017-07,2020-05,7,168,4.170000000000
2017-07,2020-06,6,168,3.570000000000
2017-07,2020-07,5,168,2.980000000000
2017-07,2020-08,2,168,1.190000000000
2017-07,2020-10,1,168,0.600000000000
2017-07,2020-11,1,168,0.600000000000
2017-07,2020-12,3,168,1.790000000000
2017-07,2021-01,3,168,1.790000000000
2017-07,2021-02,2,168,1.190000000000
2017-08,2017-08,194,194,100.000000000000
2017-08,2017-09,4,194,2.060000000000
2017-08,2017-10,6,194,3.090000000000
2017-08,2017-11,6,194,3.090000000000
2017-08,2017-12,7,194,3.610000000000
2017-08,2018-01,6,194,3.090000000000
2017-08,2018-02,11,194,5.670000000000
2017-08,2018-05,7,194,3.610000000000
2017-08,2018-06,6,194,3.090000000000
2017-08,2018-07,5,194,2.580000000000
2017-08,2018-08,8,194,4.120000000000
2017-08,2018-09,8,194,4.120000000000
2017-08,2018-10,6,194,3.090000000000
2017-08,2018-11,16,194,8.250000000000
2017-08,2018-12,14,194,7.220000000000
2017-08,2019-01,8,194,4.120000000000
2017-08,2019-02,9,194,4.640000000000
2017-08,2019-03,5,194,2.580000000000
2017-08,2019-04,1,194,0.520000000000
2017-08,2019-05,15,194,7.730000000000
2017-08,2019-06,7,194,3.610000000000
2017-08,2019-07,11,194,5.670000000000
2017-08,2019-08,9,194,4.640000000000
2017-08,2019-09,7,194,3.610000000000
2017-08,2019-10,16,194,8.250000000000
2017-08,2019-11,12,194,6.190000000000
2017-08,2019-12,15,194,7.730000000000
2017-08,2020-01,13,194,6.700000000000
2017-08,2020-02,14,194,7.220000000000
2017-08,2020-03,6,194,3.090000000000
2017-08,2020-04,3,194,1.550000000000
2017-08,2020-05,6,194,3.090000000000
2017-08,2020-06,2,194,1.030000000000
2017-08,2020-07,3,194,1.550000000000
2017-08,2020-08,5,194,2.580000000000
2017-08,2020-09,5,194,2.580000000000
2017-08,2020-10,1,194,0.520000000000
2017-08,2020-11,1,194,0.520000000000
2017-08,2020-12,5,194,2.580000000000
2017-08,2021-01,4,194,2.060000000000
2017-08,2021-02,4,194,2.060000000000
2017-09,2017-09,196,196,100.000000000000
2017-09,2017-10,2,196,1.020000000000
2017-09,2017-11,9,196,4.590000000000
2017-09,2017-12,3,196,1.530000000000
2017-09,2018-01,8,196,4.080000000000
2017-09,2018-02,9,196,4.590000000000
2017-09,2018-03,2,196,1.020000000000
2017-09,2018-04,1,196,0.510000000000
2017-09,2018-05,5,196,2.550000000000
2017-09,2018-06,2,196,1.020000000000
2017-09,2018-07,7,196,3.570000000000
2017-09,2018-08,9,196,4.590000000000
2017-09,2018-09,7,196,3.570000000000
2017-09,2018-10,8,196,4.080000000000
2017-09,2018-11,5,196,2.550000000000
2017-09,2018-12,10,196,5.100000000000
2017-09,2019-01,13,196,6.630000000000
2017-09,2019-02,15,196,7.650000000000
2017-09,2019-03,6,196,3.060000000000
2017-09,2019-04,1,196,0.510000000000
2017-09,2019-05,10,196,5.100000000000
2017-09,2019-06,9,196,4.590000000000
2017-09,2019-07,5,196,2.550000000000
2017-09,2019-08,7,196,3.570000000000
2017-09,2019-09,16,196,8.160000000000
2017-09,2019-10,6,196,3.060000000000
2017-09,2019-11,9,196,4.590000000000
2017-09,2019-12,21,196,10.710000000000
2017-09,2020-01,5,196,2.550000000000
2017-09,2020-02,21,196,10.710000000000
2017-09,2020-03,7,196,3.570000000000
2017-09,2020-04,3,196,1.530000000000
2017-09,2020-05,7,196,3.570000000000
2017-09,2020-06,5,196,2.550000000000
2017-09,2020-07,4,196,2.040000000000
2017-09,2020-08,5,196,2.550000000000
2017-09,2020-09,1,196,0.510000000000
2017-09,2020-10,2,196,1.020000000000
2017-09,2020-12,2,196,1.020000000000
2017-09,2021-01,2,196,1.020000000000
2017-09,2021-02,3,196,1.530000000000
2017-10,2017-10,203,203,100.000000000000
2017-10,2017-11,2,203,0.990000000000
2017-10,2017-12,2,203,0.990000000000
2017-10,2018-01,9,203,4.430000000000
2017-10,2018-02,5,203,2.460000000000
2017-10,2018-03,1,203,0.490000000000
2017-10,2018-05,5,203,2.460000000000
2017-10,2018-06,12,203,5.910000000000
2017-10,2018-07,9,203,4.430000000000
2017-10,2018-08,7,203,3.450000000000
2017-10,2018-09,8,203,3.940000000000
2017-10,2018-10,5,203,2.460000000000
2017-10,2018-11,8,203,3.940000000000
2017-10,2018-12,19,203,9.360000000000
2017-10,2019-01,13,203,6.400000000000
2017-10,2019-02,15,203,7.390000000000
2017-10,2019-03,13,203,6.400000000000
2017-10,2019-05,11,203,5.420000000000
2017-10,2019-06,11,203,5.420000000000
2017-10,2019-07,15,203,7.390000000000
2017-10,2019-08,16,203,7.880000000000
2017-10,2019-09,12,203,5.910000000000
2017-10,2019-10,12,203,5.910000000000
2017-10,2019-11,11,203,5.420000000000
2017-10,2019-12,23,203,11.330000000000
2017-10,2020-01,5,203,2.460000000000
2017-10,2020-02,19,203,9.360000000000
2017-10,2020-03,3,203,1.480000000000
2017-10,2020-04,1,203,0.490000000000
2017-10,2020-05,7,203,3.450000000000
2017-10,2020-06,4,203,1.970000000000
2017-10,2020-07,3,203,1.480000000000
2017-10,2020-08,4,203,1.970000000000
2017-10,2020-09,2,203,0.990000000000
2017-10,2020-10,1,203,0.490000000000
2017-10,2020-11,2,203,0.990000000000
2017-10,2020-12,7,203,3.450000000000
2017-10,2021-01,6,203,2.960000000000
2017-10,2021-02,1,203,0.490000000000
2017-11,2017-11,215,215,100.000000000000
2017-11,2017-12,6,215,2.790000000000
2017-11,2018-01,13,215,6.050000000000
2017-11,2018-02,4,215,1.860000000000
2017-11,2018-04,1,215,0.470000000000
2017-11,2018-05,3,215,1.400000000000
2017-11,2018-06,13,215,6.050000000000
2017-11,2018-07,8,215,3.720000000000
2017-11,2018-08,10,215,4.650000000000
2017-11,2018-09,8,215,3.720000000000
2017-11,2018-10,7,215,3.260000000000
2017-11,2018-11,7,215,3.260000000000
2017-11,2018-12,13,215,6.050000000000
2017-11,2019-01,9,215,4.190000000000
2017-11,2019-02,13,215,6.050000000000
2017-11,2019-03,7,215,3.260000000000
2017-11,2019-04,3,215,1.400000000000
2017-11,2019-05,19,215,8.840000000000
2017-11,2019-06,9,215,4.190000000000
2017-11,2019-07,10,215,4.650000000000
2017-11,2019-08,9,215,4.190000000000
2017-11,2019-09,6,215,2.790000000000
2017-11,2019-10,17,215,7.910000000000
2017-11,2019-11,13,215,6.050000000000
2017-11,2019-12,15,215,6.980000000000
2017-11,2020-01,21,215,9.770000000000
2017-11,2020-02,12,215,5.580000000000
2017-11,2020-03,1,215,0.470000000000
2017-11,2020-04,2,215,0.930000000000
2017-11,2020-05,6,215,2.790000000000
2017-11,2020-06,2,215,0.930000000000
2017-11,2020-07,5,215,2.330000000000
2017-11,2020-08,2,215,0.930000000000
2017-11,2020-09,1,215,0.470000000000
2017-11,2020-10,3,215,1.400000000000
2017-11,2020-11,4,215,1.860000000000
2017-11,2020-12,5,215,2.330000000000
2017-11,2021-01,8,215,3.720000000000
2017-11,2021-02,7,215,3.260000000000
2017-12,2017-12,373,373,100.000000000000
2017-12,2018-01,6,373,1.610000000000
2017-12,2018-02,8,373,2.140000000000
2017-12,2018-03,8,373,2.140000000000
2017-12,2018-04,1,373,0.270000000000
2017-12,2018-05,19,373,5.090000000000
2017-12,2018-06,13,373,3.490000000000
2017-12,2018-07,12,373,3.220000000000
2017-12,2018-08,16,373,4.290000000000
2017-12,2018-09,14,373,3.750000000000
2017-12,2018-10,14,373,3.750000000000
2017-12,2018-11,16,373,4.290000000000
2017-12,2018-12,32,373,8.580000000000
2017-12,2019-01,19,373,5.090000000000
2017-12,2019-02,21,373,5.630000000000
2017-12,2019-03,14,373,3.750000000000
2017-12,2019-04,2,373,0.540000000000
2017-12,2019-05,13,373,3.490000000000
2017-12,2019-06,26,373,6.970000000000
2017-12,2019-07,21,373,5.630000000000
2017-12,2019-08,24,373,6.430000000000
2017-12,2019-09,17,373,4.560000000000
2017-12,2019-10,24,373,6.430000000000
2017-12,2019-11,26,373,6.970000000000
2017-12,2019-12,29,373,7.770000000000
2017-12,2020-01,32,373,8.580000000000
2017-12,2020-02,23,373,6.170000000000
2017-12,2020-03,9,373,2.410000000000
2017-12,2020-04,4,373,1.070000000000
2017-12,2020-05,9,373,2.410000000000
2017-12,2020-06,10,373,2.680000000000
2017-12,2020-07,6,373,1.610000000000
2017-12,2020-08,7,373,1.880000000000
2017-12,2020-09,3,373,0.800000000000
2017-12,2020-10,3,373,0.800000000000
2017-12,2020-11,4,373,1.070000000000
2017-12,2020-12,6,373,1.610000000000
2017-12,2021-01,11,373,2.950000000000
2017-12,2021-02,14,373,3.750000000000
2018-01,2018-01,257,257,100.000000000000
2018-01,2018-02,4,257,1.560000000000
2018-01,2018-03,1,257,0.390000000000
2018-01,2018-04,1,257,0.390000000000
2018-01,2018-05,12,257,4.670000000000
2018-01,2018-06,4,257,1.560000000000
2018-01,2018-07,7,257,2.720000000000
2018-01,2018-08,15,257,5.840000000000
2018-01,2018-09,7,257,2.720000000000
2018-01,2018-10,13,257,5.060000000000
2018-01,2018-11,8,257,3.110000000000
2018-01,2018-12,16,257,6.230000000000
2018-01,2019-01,22,257,8.560000000000
2018-01,2019-02,10,257,3.890000000000
2018-01,2019-03,9,257,3.500000000000
2018-01,2019-05,11,257,4.280000000000
2018-01,2019-06,20,257,7.780000000000
2018-01,2019-07,12,257,4.670000000000
2018-01,2019-08,9,257,3.500000000000
2018-01,2019-09,16,257,6.230000000000
2018-01,2019-10,15,257,5.840000000000
2018-01,2019-11,13,257,5.060000000000
2018-01,2019-12,24,257,9.340000000000
2018-01,2020-01,17,257,6.610000000000
2018-01,2020-02,21,257,8.170000000000
2018-01,2020-03,2,257,0.780000000000
2018-01,2020-04,4,257,1.560000000000
2018-01,2020-05,4,257,1.560000000000
2018-01,2020-06,9,257,3.500000000000
2018-01,2020-07,8,257,3.110000000000
2018-01,2020-08,3,257,1.170000000000
2018-01,2020-09,3,257,1.170000000000
2018-01,2020-10,2,257,0.780000000000
2018-01,2020-11,1,257,0.390000000000
2018-01,2020-12,6,257,2.330000000000
2018-01,2021-01,3,257,1.170000000000
2018-01,2021-02,3,257,1.170000000000
2018-02,2018-02,318,318,100.000000000000
2018-02,2018-03,5,318,1.570000000000
2018-02,2018-04,1,318,0.310000000000
2018-02,2018-05,10,318,3.140000000000
2018-02,2018-06,8,318,2.520000000000
2018-02,2018-07,9,318,2.830000000000
2018-02,2018-08,13,318,4.090000000000
2018-02,2018-09,12,318,3.770000000000
2018-02,2018-10,14,318,4.400000000000
2018-02,2018-11,18,318,5.660000000000
2018-02,2018-12,30,318,9.430000000000
2018-02,2019-01,17,318,5.350000000000
2018-02,2019-02,14,318,4.400000000000
2018-02,2019-03,10,318,3.140000000000
2018-02,2019-04,1,318,0.310000000000
2018-02,2019-05,18,318,5.660000000000
2018-02,2019-06,15,318,4.720000000000
2018-02,2019-07,10,318,3.140000000000
2018-02,2019-08,16,318,5.030000000000
2018-02,2019-09,24,318,7.550000000000
2018-02,2019-10,19,318,5.970000000000
2018-02,2019-11,22,318,6.920000000000
2018-02,2019-12,33,318,10.380000000000
2018-02,2020-01,23,318,7.230000000000
2018-02,2020-02,22,318,6.920000000000
2018-02,2020-03,13,318,4.090000000000
2018-02,2020-05,12,318,3.770000000000
2018-02,2020-06,7,318,2.200000000000
2018-02,2020-07,6,318,1.890000000000
2018-02,2020-08,8,318,2.520000000000
2018-02,2020-09,5,318,1.570000000000
2018-02,2020-10,3,318,0.940000000000
2018-02,2020-11,3,318,0.940000000000
2018-02,2020-12,10,318,3.140000000000
2018-02,2021-01,7,318,2.200000000000
2018-02,2021-02,5,318,1.570000000000
2018-03,2018-03,112,112,100.000000000000
2018-03,2018-04,1,112,0.890000000000
2018-03,2018-05,1,112,0.890000000000
2018-03,2018-06,8,112,7.140000000000
2018-03,2018-07,1,112,0.890000000000
2018-03,2018-08,1,112,0.890000000000
2018-03,2018-09,4,112,3.570000000000
2018-03,2018-10,7,112,6.250000000000
2018-03,2018-11,9,112,8.040000000000
2018-03,2018-12,11,112,9.820000000000
2018-03,2019-01,4,112,3.570000000000
2018-03,2019-02,10,112,8.930000000000
2018-03,2019-03,1,112,0.890000000000
2018-03,2019-05,2,112,1.790000000000
2018-03,2019-06,5,112,4.460000000000
2018-03,2019-07,8,112,7.140000000000
2018-03,2019-08,7,112,6.250000000000
2018-03,2019-09,4,112,3.570000000000
2018-03,2019-10,6,112,5.360000000000
2018-03,2019-11,5,112,4.460000000000
2018-03,2019-12,11,112,9.820000000000
2018-03,2020-01,13,112,11.610000000000
2018-03,2020-02,4,112,3.570000000000
2018-03,2020-03,4,112,3.570000000000
2018-03,2020-05,4,112,3.570000000000
2018-03,2020-06,3,112,2.680000000000
2018-03,2020-07,2,112,1.790000000000
2018-03,2020-08,1,112,0.890000000000
2018-03,2020-09,3,112,2.680000000000
2018-03,2020-10,1,112,0.890000000000
2018-03,2020-11,3,112,2.680000000000
2018-03,2020-12,2,112,1.790000000000
2018-03,2021-01,4,112,3.570000000000
2018-03,2021-02,4,112,3.570000000000
2018-04,2018-04,23,23,100.000000000000
2018-04,2018-05,2,23,8.700000000000
2018-04,2018-06,1,23,4.350000000000
2018-04,2018-08,2,23,8.700000000000
2018-04,2018-10,2,23,8.700000000000
2018-04,2018-11,1,23,4.350000000000
2018-04,2019-01,2,23,8.700000000000
2018-04,2019-02,1,23,4.350000000000
2018-04,2019-03,1,23,4.350000000000
2018-04,2019-05,2,23,8.700000000000
2018-04,2019-06,1,23,4.350000000000
2018-04,2019-07,1,23,4.350000000000
2018-04,2019-08,2,23,8.700000000000
2018-04,2019-09,1,23,4.350000000000
2018-04,2019-10,4,23,17.390000000000
2018-04,2019-11,3,23,13.040000000000
2018-04,2019-12,2,23,8.700000000000
2018-04,2020-01,2,23,8.700000000000
2018-04,2020-03,2,23,8.700000000000
2018-04,2020-05,2,23,8.700000000000
2018-04,2020-08,1,23,4.350000000000
2018-04,2020-09,2,23,8.700000000000
2018-04,2020-10,1,23,4.350000000000
2018-04,2020-11,1,23,4.350000000000
2018-04,2020-12,1,23,4.350000000000
2018-04,2021-01,1,23,4.350000000000
2018-05,2018-05,275,275,100.000000000000
2018-05,2018-06,8,275,2.910000000000
2018-05,2018-07,6,275,2.180000000000
2018-05,2018-08,4,275,1.450000000000
2018-05,2018-09,6,275,2.180000000000
2018-05,2018-10,14,275,5.090000000000
2018-05,2018-11,13,275,4.730000000000
2018-05,2018-12,22,275,8.000000000000
2018-05,2019-01,14,275,5.090000000000
2018-05,2019-02,18,275,6.550000000000
2018-05,2019-03,6,275,2.180000000000
2018-05,2019-04,2,275,0.730000000000
2018-05,2019-05,10,275,3.640000000000
2018-05,2019-06,24,275,8.730000000000
2018-05,2019-07,12,275,4.360000000000
2018-05,2019-08,12,275,4.360000000000
2018-05,2019-09,11,275,4.000000000000
2018-05,2019-10,17,275,6.180000000000
2018-05,2019-11,12,275,4.360000000000
2018-05,2019-12,22,275,8.000000000000
2018-05,2020-01,13,275,4.730000000000
2018-05,2020-02,20,275,7.270000000000
2018-05,2020-03,7,275,2.550000000000
2018-05,2020-04,1,275,0.360000000000
2018-05,2020-05,11,275,4.000000000000
2018-05,2020-06,4,275,1.450000000000
2018-05,2020-07,3,275,1.090000000000
2018-05,2020-08,4,275,1.450000000000
2018-05,2020-09,3,275,1.090000000000
2018-05,2020-10,5,275,1.820000000000
2018-05,2020-11,3,275,1.090000000000
2018-05,2020-12,7,275,2.550000000000
2018-05,2021-01,7,275,2.550000000000
2018-05,2021-02,5,275,1.820000000000
2018-06,2018-06,264,264,100.000000000000
2018-06,2018-07,12,264,4.550000000000
2018-06,2018-08,9,264,3.410000000000
2018-06,2018-09,8,264,3.030000000000
2018-06,2018-10,8,264,3.030000000000
2018-06,2018-11,9,264,3.410000000000
2018-06,2018-12,22,264,8.330000000000
2018-06,2019-01,19,264,7.200000000000
2018-06,2019-02,17,264,6.440000000000
2018-06,2019-03,3,264,1.140000000000
2018-06,2019-04,1,264,0.380000000000
2018-06,2019-05,16,264,6.060000000000
2018-06,2019-06,12,264,4.550000000000
2018-06,2019-07,14,264,5.300000000000
2018-06,2019-08,18,264,6.820000000000
2018-06,2019-09,15,264,5.680000000000
2018-06,2019-10,19,264,7.200000000000
2018-06,2019-11,14,264,5.300000000000
2018-06,2019-12,23,264,8.710000000000
2018-06,2020-01,21,264,7.950000000000
2018-06,2020-02,21,264,7.950000000000
2018-06,2020-03,11,264,4.170000000000
2018-06,2020-05,6,264,2.270000000000
2018-06,2020-06,7,264,2.650000000000
2018-06,2020-07,6,264,2.270000000000
2018-06,2020-08,1,264,0.380000000000
2018-06,2020-09,7,264,2.650000000000
2018-06,2020-10,3,264,1.140000000000
2018-06,2020-11,4,264,1.520000000000
2018-06,2020-12,9,264,3.410000000000
2018-06,2021-01,4,264,1.520000000000
2018-06,2021-02,3,264,1.140000000000
2018-07,2018-07,237,237,100.000000000000
2018-07,2018-08,5,237,2.110000000000
2018-07,2018-09,12,237,5.060000000000
2018-07,2018-10,13,237,5.490000000000
2018-07,2018-11,10,237,4.220000000000
2018-07,2018-12,21,237,8.860000000000
2018-07,2019-01,12,237,5.060000000000
2018-07,2019-02,20,237,8.440000000000
2018-07,2019-03,7,237,2.950000000000
2018-07,2019-04,3,237,1.270000000000
2018-07,2019-05,14,237,5.910000000000
2018-07,2019-06,14,237,5.910000000000
2018-07,2019-07,13,237,5.490000000000
2018-07,2019-08,18,237,7.590000000000
2018-07,2019-09,17,237,7.170000000000
2018-07,2019-10,18,237,7.590000000000
2018-07,2019-11,18,237,7.590000000000
2018-07,2019-12,25,237,10.550000000000
2018-07,2020-01,21,237,8.860000000000
2018-07,2020-02,18,237,7.590000000000
2018-07,2020-03,7,237,2.950000000000
2018-07,2020-04,2,237,0.840000000000
2018-07,2020-05,14,237,5.910000000000
2018-07,2020-06,9,237,3.800000000000
2018-07,2020-07,1,237,0.420000000000
2018-07,2020-08,3,237,1.270000000000
2018-07,2020-09,3,237,1.270000000000
2018-07,2020-10,4,237,1.690000000000
2018-07,2020-11,2,237,0.840000000000
2018-07,2020-12,5,237,2.110000000000
2018-07,2021-01,9,237,3.800000000000
2018-07,2021-02,2,237,0.840000000000
2018-08,2018-08,276,276,100.000000000000
2018-08,2018-09,16,276,5.800000000000
2018-08,2018-10,14,276,5.070000000000
2018-08,2018-11,13,276,4.710000000000
2018-08,2018-12,25,276,9.060000000000
2018-08,2019-01,15,276,5.430000000000
2018-08,2019-02,16,276,5.800000000000
2018-08,2019-03,11,276,3.990000000000
2018-08,2019-05,18,276,6.520000000000
2018-08,2019-06,11,276,3.990000000000
2018-08,2019-07,17,276,6.160000000000
2018-08,2019-08,14,276,5.070000000000
2018-08,2019-09,15,276,5.430000000000
2018-08,2019-10,18,276,6.520000000000
2018-08,2019-11,11,276,3.990000000000
2018-08,2019-12,25,276,9.060000000000
2018-08,2020-01,15,276,5.430000000000
2018-08,2020-02,26,276,9.420000000000
2018-08,2020-03,6,276,2.170000000000
2018-08,2020-04,2,276,0.720000000000
2018-08,2020-05,6,276,2.170000000000
2018-08,2020-06,9,276,3.260000000000
2018-08,2020-07,5,276,1.810000000000
2018-08,2020-08,1,276,0.360000000000
2018-08,2020-09,3,276,1.090000000000
2018-08,2020-10,4,276,1.450000000000
2018-08,2020-11,3,276,1.090000000000
2018-08,2020-12,9,276,3.260000000000
2018-08,2021-01,6,276,2.170000000000
2018-08,2021-02,10,276,3.620000000000
2018-09,2018-09,277,277,100.000000000000
2018-09,2018-10,14,277,5.050000000000
2018-09,2018-11,14,277,5.050000000000
2018-09,2018-12,24,277,8.660000000000
2018-09,2019-01,13,277,4.690000000000
2018-09,2019-02,20,277,7.220000000000
2018-09,2019-03,4,277,1.440000000000
2018-09,2019-05,20,277,7.220000000000
2018-09,2019-06,16,277,5.780000000000
2018-09,2019-07,12,277,4.330000000000
2018-09,2019-08,12,277,4.330000000000
2018-09,2019-09,18,277,6.500000000000
2018-09,2019-10,10,277,3.610000000000
2018-09,2019-11,15,277,5.420000000000
2018-09,2019-12,30,277,10.830000000000
2018-09,2020-01,18,277,6.500000000000
2018-09,2020-02,23,277,8.300000000000
2018-09,2020-03,9,277,3.250000000000
2018-09,2020-04,2,277,0.720000000000
2018-09,2020-05,7,277,2.530000000000
2018-09,2020-06,3,277,1.080000000000
2018-09,2020-07,5,277,1.810000000000
2018-09,2020-08,2,277,0.720000000000
2018-09,2020-09,3,277,1.080000000000
2018-09,2020-10,5,277,1.810000000000
2018-09,2020-12,3,277,1.080000000000
2018-09,2021-01,5,277,1.810000000000
2018-09,2021-02,2,277,0.720000000000
2018-10,2018-10,288,288,100.000000000000
2018-10,2018-11,11,288,3.820000000000
2018-10,2018-12,24,288,8.330000000000
2018-10,2019-01,20,288,6.940000000000
2018-10,2019-02,20,288,6.940000000000
2018-10,2019-03,4,288,1.390000000000
2018-10,2019-04,3,288,1.040000000000
2018-10,2019-05,19,288,6.600000000000
2018-10,2019-06,14,288,4.860000000000
2018-10,2019-07,18,288,6.250000000000
2018-10,2019-08,12,288,4.170000000000
2018-10,2019-09,11,288,3.820000000000
2018-10,2019-10,20,288,6.940000000000
2018-10,2019-11,8,288,2.780000000000
2018-10,2019-12,25,288,8.680000000000
2018-10,2020-01,19,288,6.600000000000
2018-10,2020-02,18,288,6.250000000000
2018-10,2020-03,6,288,2.080000000000
2018-10,2020-04,4,288,1.390000000000
2018-10,2020-05,13,288,4.510000000000
2018-10,2020-06,4,288,1.390000000000
2018-10,2020-07,5,288,1.740000000000
2018-10,2020-08,3,288,1.040000000000
2018-10,2020-09,4,288,1.390000000000
2018-10,2020-10,3,288,1.040000000000
2018-10,2020-11,3,288,1.040000000000
2018-10,2020-12,4,288,1.390000000000
2018-10,2021-01,6,288,2.080000000000
2018-10,2021-02,5,288,1.740000000000
2018-11,2018-11,295,295,100.000000000000
2018-11,2018-12,19,295,6.440000000000
2018-11,2019-01,13,295,4.410000000000
2018-11,2019-02,18,295,6.100000000000
2018-11,2019-03,5,295,1.690000000000
2018-11,2019-04,2,295,0.680000000000
2018-11,2019-05,15,295,5.080000000000
2018-11,2019-06,19,295,6.440000000000
2018-11,2019-07,9,295,3.050000000000
2018-11,2019-08,17,295,5.760000000000
2018-11,2019-09,20,295,6.780000000000
2018-11,2019-10,11,295,3.730000000000
2018-11,2019-11,14,295,4.750000000000
2018-11,2019-12,24,295,8.140000000000
2018-11,2020-01,13,295,4.410000000000
2018-11,2020-02,21,295,7.120000000000
2018-11,2020-03,10,295,3.390000000000
2018-11,2020-04,1,295,0.340000000000
2018-11,2020-05,6,295,2.030000000000
2018-11,2020-06,5,295,1.690000000000
2018-11,2020-07,6,295,2.030000000000
2018-11,2020-08,6,295,2.030000000000
2018-11,2020-09,4,295,1.360000000000
2018-11,2020-10,1,295,0.340000000000
2018-11,2020-11,4,295,1.360000000000
2018-11,2020-12,6,295,2.030000000000
2018-11,2021-01,5,295,1.690000000000
2018-12,2018-12,482,482,100.000000000000
2018-12,2019-01,23,482,4.770000000000
2018-12,2019-02,30,482,6.220000000000
2018-12,2019-03,11,482,2.280000000000
2018-12,2019-04,2,482,0.410000000000
2018-12,2019-05,25,482,5.190000000000
2018-12,2019-06,22,482,4.560000000000
2018-12,2019-07,24,482,4.980000000000
2018-12,2019-08,24,482,4.980000000000
2018-12,2019-09,26,482,5.390000000000
2018-12,2019-10,24,482,4.980000000000
2018-12,2019-11,24,482,4.980000000000
2018-12,2019-12,42,482,8.710000000000
2018-12,2020-01,36,482,7.470000000000
2018-12,2020-02,52,482,10.790000000000
2018-12,2020-03,13,482,2.700000000000
2018-12,2020-04,2,482,0.410000000000
2018-12,2020-05,8,482,1.660000000000
2018-12,2020-06,9,482,1.870000000000
2018-12,2020-07,9,482,1.870000000000
2018-12,2020-08,8,482,1.660000000000
2018-12,2020-09,6,482,1.240000000000
2018-12,2020-10,5,482,1.040000000000
2018-12,2020-11,4,482,0.830000000000
2018-12,2020-12,10,482,2.070000000000
2018-12,2021-01,10,482,2.070000000000
2018-12,2021-02,7,482,1.450000000000
2019-01,2019-01,373,373,100.000000000000
2019-01,2019-02,26,373,6.970000000000
2019-01,2019-03,9,373,2.410000000000
2019-01,2019-05,21,373,5.630000000000
2019-01,2019-06,17,373,4.560000000000
2019-01,2019-07,13,373,3.490000000000
2019-01,2019-08,27,373,7.240000000000
2019-01,2019-09,17,373,4.560000000000
2019-01,2019-10,24,373,6.430000000000
2019-01,2019-11,25,373,6.700000000000
2019-01,2019-12,44,373,11.800000000000
2019-01,2020-01,31,373,8.310000000000
2019-01,2020-02,24,373,6.430000000000
2019-01,2020-03,9,373,2.410000000000
2019-01,2020-04,5,373,1.340000000000
2019-01,2020-05,7,373,1.880000000000
2019-01,2020-06,13,373,3.490000000000
2019-01,2020-07,3,373,0.800000000000
2019-01,2020-08,1,373,0.270000000000
2019-01,2020-09,5,373,1.340000000000
2019-01,2020-10,6,373,1.610000000000
2019-01,2020-11,4,373,1.070000000000
2019-01,2020-12,10,373,2.680000000000
2019-01,2021-01,3,373,0.800000000000
2019-01,2021-02,5,373,1.340000000000
2019-02,2019-02,382,382,100.000000000000
2019-02,2019-03,12,382,3.140000000000
2019-02,2019-04,3,382,0.790000000000
2019-02,2019-05,27,382,7.070000000000
2019-02,2019-06,20,382,5.240000000000
2019-02,2019-07,19,382,4.970000000000
2019-02,2019-08,14,382,3.660000000000
2019-02,2019-09,23,382,6.020000000000
2019-02,2019-10,28,382,7.330000000000
2019-02,2019-11,25,382,6.540000000000
2019-02,2019-12,33,382,8.640000000000
2019-02,2020-01,24,382,6.280000000000
2019-02,2020-02,21,382,5.500000000000
2019-02,2020-03,10,382,2.620000000000
2019-02,2020-04,1,382,0.260000000000
2019-02,2020-05,14,382,3.660000000000
2019-02,2020-06,10,382,2.620000000000
2019-02,2020-07,6,382,1.570000000000
2019-02,2020-08,11,382,2.880000000000
2019-02,2020-09,4,382,1.050000000000
2019-02,2020-10,4,382,1.050000000000
2019-02,2020-11,2,382,0.520000000000
2019-02,2020-12,10,382,2.620000000000
2019-02,2021-01,7,382,1.830000000000
2019-02,2021-02,3,382,0.790000000000
2019-03,2019-03,135,135,100.000000000000
2019-03,2019-05,7,135,5.190000000000
2019-03,2019-06,6,135,4.440000000000
2019-03,2019-07,5,135,3.700000000000
2019-03,2019-08,5,135,3.700000000000
2019-03,2019-09,11,135,8.150000000000
2019-03,2019-10,7,135,5.190000000000
2019-03,2019-11,3,135,2.220000000000
2019-03,2019-12,10,135,7.410000000000
2019-03,2020-01,9,135,6.670000000000
2019-03,2020-02,7,135,5.190000000000
2019-03,2020-03,1,135,0.740000000000
2019-03,2020-05,5,135,3.700000000000
2019-03,2020-06,2,135,1.480000000000
2019-03,2020-07,3,135,2.220000000000
2019-03,2020-08,5,135,3.700000000000
2019-03,2020-09,3,135,2.220000000000
2019-03,2020-10,1,135,0.740000000000
2019-03,2020-11,1,135,0.740000000000
2019-03,2020-12,3,135,2.220000000000
2019-03,2021-01,2,135,1.480000000000
2019-03,2021-02,5,135,3.700000000000
2019-04,2019-04,31,31,100.000000000000
2019-04,2019-05,2,31,6.450000000000
2019-04,2019-06,1,31,3.230000000000
2019-04,2019-07,1,31,3.230000000000
2019-04,2019-08,1,31,3.230000000000
2019-04,2019-10,3,31,9.680000000000
2019-04,2019-11,2,31,6.450000000000
2019-04,2019-12,3,31,9.680000000000
2019-04,2020-01,1,31,3.230000000000
2019-04,2020-02,3,31,9.680000000000
2019-04,2020-05,2,31,6.450000000000
2019-04,2020-06,1,31,3.230000000000
2019-04,2020-07,2,31,6.450000000000
2019-04,2020-10,1,31,3.230000000000
2019-04,2021-02,1,31,3.230000000000
2019-05,2019-05,259,259,100.000000000000
2019-05,2019-06,8,259,3.090000000000
2019-05,2019-07,7,259,2.700000000000
2019-05,2019-08,9,259,3.470000000000
2019-05,2019-09,10,259,3.860000000000
2019-05,2019-10,12,259,4.630000000000
2019-05,2019-11,14,259,5.410000000000
2019-05,2019-12,10,259,3.860000000000
2019-05,2020-01,22,259,8.490000000000
2019-05,2020-02,21,259,8.110000000000
2019-05,2020-03,6,259,2.320000000000
2019-05,2020-05,7,259,2.700000000000
2019-05,2020-06,4,259,1.540000000000
2019-05,2020-07,4,259,1.540000000000
2019-05,2020-08,4,259,1.540000000000
2019-05,2020-09,5,259,1.930000000000
2019-05,2020-10,1,259,0.390000000000
2019-05,2020-12,4,259,1.540000000000
2019-05,2021-01,3,259,1.160000000000
2019-05,2021-02,4,259,1.540000000000
2019-06,2019-06,248,248,100.000000000000
2019-06,2019-07,18,248,7.260000000000
2019-06,2019-08,11,248,4.440000000000
2019-06,2019-09,9,248,3.630000000000
2019-06,2019-10,15,248,6.050000000000
2019-06,2019-11,11,248,4.440000000000
2019-06,2019-12,21,248,8.470000000000
2019-06,2020-01,21,248,8.470000000000
2019-06,2020-02,14,248,5.650000000000
2019-06,2020-03,7,248,2.820000000000
2019-06,2020-04,1,248,0.400000000000
2019-06,2020-05,9,248,3.630000000000
2019-06,2020-06,6,248,2.420000000000
2019-06,2020-07,2,248,0.810000000000
2019-06,2020-08,5,248,2.020000000000
2019-06,2020-09,2,248,0.810000000000
2019-06,2020-10,5,248,2.020000000000
2019-06,2020-11,2,248,0.810000000000
2019-06,2020-12,5,248,2.020000000000
2019-06,2021-01,4,248,1.610000000000
2019-06,2021-02,3,248,1.210000000000
2019-07,2019-07,229,229,100.000000000000
2019-07,2019-08,10,229,4.370000000000
2019-07,2019-09,6,229,2.620000000000
2019-07,2019-10,11,229,4.800000000000
2019-07,2019-11,9,229,3.930000000000
2019-07,2019-12,16,229,6.990000000000
2019-07,2020-01,17,229,7.420000000000
2019-07,2020-02,12,229,5.240000000000
2019-07,2020-03,6,229,2.620000000000
2019-07,2020-05,9,229,3.930000000000
2019-07,2020-06,4,229,1.750000000000
2019-07,2020-07,3,229,1.310000000000
2019-07,2020-08,2,229,0.870000000000
2019-07,2020-09,1,229,0.440000000000
2019-07,2020-10,2,229,0.870000000000
2019-07,2020-11,3,229,1.310000000000
2019-07,2020-12,2,229,0.870000000000
2019-07,2021-01,2,229,0.870000000000
2019-07,2021-02,4,229,1.750000000000
2019-08,2019-08,231,231,100.000000000000
2019-08,2019-09,12,231,5.190000000000
2019-08,2019-10,12,231,5.190000000000
2019-08,2019-11,11,231,4.760000000000
2019-08,2019-12,16,231,6.930000000000
2019-08,2020-01,6,231,2.600000000000
2019-08,2020-02,13,231,5.630000000000
2019-08,2020-03,4,231,1.730000000000
2019-08,2020-04,2,231,0.870000000000
2019-08,2020-05,6,231,2.600000000000
2019-08,2020-06,5,231,2.160000000000
2019-08,2020-07,5,231,2.160000000000
2019-08,2020-08,8,231,3.460000000000
2019-08,2020-09,2,231,0.870000000000
2019-08,2020-10,4,231,1.730000000000
2019-08,2020-11,3,231,1.300000000000
2019-08,2020-12,1,231,0.430000000000
2019-08,2021-01,3,231,1.300000000000
2019-08,2021-02,3,231,1.300000000000
2019-09,2019-09,234,234,100.000000000000
2019-09,2019-10,17,234,7.260000000000
2019-09,2019-11,14,234,5.980000000000
2019-09,2019-12,17,234,7.260000000000
2019-09,2020-01,13,234,5.560000000000
2019-09,2020-02,21,234,8.970000000000
2019-09,2020-03,5,234,2.140000000000
2019-09,2020-04,1,234,0.430000000000
2019-09,2020-05,6,234,2.560000000000
2019-09,2020-06,7,234,2.990000000000
2019-09,2020-07,4,234,1.710000000000
2019-09,2020-08,5,234,2.140000000000
2019-09,2020-10,5,234,2.140000000000
2019-09,2020-11,1,234,0.430000000000
2019-09,2020-12,7,234,2.990000000000
2019-09,2021-01,5,234,2.140000000000
2019-09,2021-02,6,234,2.560000000000
2019-10,2019-10,205,205,100.000000000000
2019-10,2019-11,5,205,2.440000000000
2019-10,2019-12,11,205,5.370000000000
2019-10,2020-01,13,205,6.340000000000
2019-10,2020-02,16,205,7.800000000000
2019-10,2020-03,7,205,3.410000000000
2019-10,2020-05,9,205,4.390000000000
2019-10,2020-06,3,205,1.460000000000
2019-10,2020-07,6,205,2.930000000000
2019-10,2020-09,3,205,1.460000000000
2019-10,2020-10,1,205,0.490000000000
2019-10,2020-11,2,205,0.980000000000
2019-10,2020-12,5,205,2.440000000000
2019-10,2021-02,1,205,0.490000000000
2019-11,2019-11,220,220,100.000000000000
2019-11,2019-12,19,220,8.640000000000
2019-11,2020-01,16,220,7.270000000000
2019-11,2020-02,14,220,6.360000000000
2019-11,2020-03,4,220,1.820000000000
2019-11,2020-05,6,220,2.730000000000
2019-11,2020-06,8,220,3.640000000000
2019-11,2020-07,5,220,2.270000000000
2019-11,2020-08,3,220,1.360000000000
2019-11,2020-09,4,220,1.820000000000
2019-11,2020-10,3,220,1.360000000000
2019-11,2020-11,1,220,0.450000000000
2019-11,2020-12,4,220,1.820000000000
2019-11,2021-01,4,220,1.820000000000
2019-11,2021-02,3,220,1.360000000000
2019-12,2019-12,285,285,100.000000000000
2019-12,2020-01,18,285,6.320000000000
2019-12,2020-02,19,285,6.670000000000
2019-12,2020-03,8,285,2.810000000000
2019-12,2020-04,1,285,0.350000000000
2019-12,2020-05,9,285,3.160000000000
2019-12,2020-06,10,285,3.510000000000
2019-12,2020-07,6,285,2.110000000000
2019-12,2020-08,4,285,1.400000000000
2019-12,2020-09,3,285,1.050000000000
2019-12,2020-10,3,285,1.050000000000
2019-12,2020-11,3,285,1.050000000000
2019-12,2020-12,7,285,2.460000000000
2019-12,2021-01,7,285,2.460000000000
2019-12,2021-02,3,285,1.050000000000
2020-01,2020-01,215,215,100.000000000000
2020-01,2020-02,15,215,6.980000000000
2020-01,2020-03,2,215,0.930000000000
2020-01,2020-04,1,215,0.470000000000
2020-01,2020-05,3,215,1.400000000000
2020-01,2020-06,5,215,2.330000000000
2020-01,2020-07,2,215,0.930000000000
2020-01,2020-08,2,215,0.930000000000
2020-01,2020-09,3,215,1.400000000000
2020-01,2020-10,1,215,0.470000000000
2020-01,2020-11,2,215,0.930000000000
2020-01,2020-12,2,215,0.930000000000
2020-01,2021-01,2,215,0.930000000000
2020-01,2021-02,3,215,1.400000000000
2020-02,2020-02,235,235,100.000000000000
2020-02,2020-03,3,235,1.280000000000
2020-02,2020-05,3,235,1.280000000000
2020-02,2020-06,7,235,2.980000000000
2020-02,2020-07,2,235,0.850000000000
2020-02,2020-08,2,235,0.850000000000
2020-02,2020-09,1,235,0.430000000000
2020-02,2020-10,2,235,0.850000000000
2020-02,2020-11,2,235,0.850000000000
2020-02,2020-12,2,235,0.850000000000
2020-02,2021-01,4,235,1.700000000000
2020-02,2021-02,3,235,1.280000000000
2020-03,2020-03,67,67,100.000000000000
2020-03,2020-08,2,67,2.990000000000
2020-03,2020-12,2,67,2.990000000000
2020-03,2021-01,2,67,2.990000000000
2020-03,2021-02,1,67,1.490000000000
2020-04,2020-04,19,19,100.000000000000
2020-04,2020-06,1,19,5.260000000000
2020-04,2021-01,1,19,5.260000000000
2020-04,2021-02,1,19,5.260000000000
2020-05,2020-05,101,101,100.000000000000
2020-05,2020-06,3,101,2.970000000000
2020-05,2021-01,4,101,3.960000000000
2020-05,2021-02,2,101,1.980000000000
2020-06,2020-06,68,68,100.000000000000
2020-06,2020-07,2,68,2.940000000000
2020-06,2020-09,1,68,1.470000000000
2020-06,2020-10,1,68,1.470000000000
2020-06,2020-12,3,68,4.410000000000
2020-06,2021-02,1,68,1.470000000000
2020-07,2020-07,47,47,100.000000000000
2020-07,2020-08,1,47,2.130000000000
2020-07,2020-12,1,47,2.130000000000
2020-07,2021-01,1,47,2.130000000000
2020-07,2021-02,2,47,4.260000000000
2020-08,2020-08,29,29,100.000000000000
2020-09,2020-09,31,31,100.000000000000
2020-09,2020-10,1,31,3.230000000000
2020-09,2021-02,1,31,3.230000000000
2020-10,2020-10,38,38,100.000000000000
2020-10,2021-01,1,38,2.630000000000
2020-10,2021-02,1,38,2.630000000000
2020-11,2020-11,33,33,100.000000000000
2020-11,2021-01,1,33,3.030000000000
2020-12,2020-12,64,64,100.000000000000
2020-12,2021-01,2,64,3.130000000000
2020-12,2021-02,1,64,1.560000000000
2021-01,2021-01,34,34,100.000000000000
2021-02,2021-02,33,33,100.000000000000
